-- phpMyAdmin SQL Dump
-- version 5.2.1
-- https://www.phpmyadmin.net/
--
-- Host: 127.0.0.1
-- Generation Time: Nov 16, 2023 at 06:42 AM
-- Server version: 10.4.28-MariaDB
-- PHP Version: 8.0.28

SET SQL_MODE = "NO_AUTO_VALUE_ON_ZERO";
START TRANSACTION;
SET time_zone = "+00:00";


/*!40101 SET @OLD_CHARACTER_SET_CLIENT=@@CHARACTER_SET_CLIENT */;
/*!40101 SET @OLD_CHARACTER_SET_RESULTS=@@CHARACTER_SET_RESULTS */;
/*!40101 SET @OLD_COLLATION_CONNECTION=@@COLLATION_CONNECTION */;
/*!40101 SET NAMES utf8mb4 */;

--
-- Database: `inventaris`
--

-- --------------------------------------------------------

--
-- Table structure for table `detail_pinjam`
--

CREATE TABLE `detail_pinjam` (
  `id_detail_pinjam` int(11) NOT NULL,
  `id_inventaris` int(11) NOT NULL,
  `jumlah` int(11) NOT NULL,
  `id_peminjaman` varchar(11) NOT NULL
) ENGINE=InnoDB DEFAULT CHARSET=utf8mb4 COLLATE=utf8mb4_general_ci;

--
-- Dumping data for table `detail_pinjam`
--

INSERT INTO `detail_pinjam` (`id_detail_pinjam`, `id_inventaris`, `jumlah`, `id_peminjaman`) VALUES
(5, 1, 4, 'PMJ001'),
(6, 1, 3, 'PMJ002');

-- --------------------------------------------------------

--
-- Table structure for table `inventaris`
--

CREATE TABLE `inventaris` (
  `id_inventaris` int(11) NOT NULL,
  `nama` varchar(50) NOT NULL,
  `kondisi` varchar(50) NOT NULL,
  `keterangan` text NOT NULL,
  `jumlah` int(11) NOT NULL,
  `id_jenis` int(11) NOT NULL,
  `tanggal_register` timestamp NOT NULL DEFAULT current_timestamp() ON UPDATE current_timestamp(),
  `id_ruang` int(11) NOT NULL,
  `kode_inventaris` varchar(50) NOT NULL,
  `id_petugas` int(11) NOT NULL
) ENGINE=InnoDB DEFAULT CHARSET=utf8mb4 COLLATE=utf8mb4_general_ci;

--
-- Dumping data for table `inventaris`
--

INSERT INTO `inventaris` (`id_inventaris`, `nama`, `kondisi`, `keterangan`, `jumlah`, `id_jenis`, `tanggal_register`, `id_ruang`, `kode_inventaris`, `id_petugas`) VALUES
(1, 'Laptop', 'Baik', 'Bantuan dari Provinsi Jawa Tengah', 12, 2, '2023-11-16 02:47:00', 2, 'LP001', 2),
(2, 'Spidol', 'Baik', 'Beli menggunakan dana BOS', 100, 2, '2023-11-16 02:46:54', 2, 'SP001', 2),
(3, 'PC', 'Baik', 'Sip', 50, 1, '2023-11-14 06:12:10', 2, 'PC001', 2),
(4, 'Penghapus', 'Baik', 'Oke', 180, 2, '2023-11-14 06:11:51', 2, 'P001', 2),
(5, 'Tinta', 'Baik', 'wokey', 50, 2, '2023-11-14 06:14:31', 1, 'T001', 2),
(10, 'kursi', 'Baik', 'oke', 45, 2, '2023-11-16 01:40:22', 1, 'COBA123', 2);

-- --------------------------------------------------------

--
-- Table structure for table `jenis`
--

CREATE TABLE `jenis` (
  `id_jenis` int(11) NOT NULL,
  `nama_jenis` varchar(50) NOT NULL,
  `kode_jenis` varchar(50) NOT NULL,
  `keterangan` text NOT NULL
) ENGINE=InnoDB DEFAULT CHARSET=utf8mb4 COLLATE=utf8mb4_general_ci;

--
-- Dumping data for table `jenis`
--

INSERT INTO `jenis` (`id_jenis`, `nama_jenis`, `kode_jenis`, `keterangan`) VALUES
(1, 'Elektronik', 'E001', 'Barang Elektronik'),
(2, 'Habis Pakai', 'HP001', 'Barang Habis Pakai');

-- --------------------------------------------------------

--
-- Table structure for table `level`
--

CREATE TABLE `level` (
  `id_level` int(11) NOT NULL,
  `nama_level` varchar(50) NOT NULL
) ENGINE=InnoDB DEFAULT CHARSET=utf8mb4 COLLATE=utf8mb4_general_ci;

--
-- Dumping data for table `level`
--

INSERT INTO `level` (`id_level`, `nama_level`) VALUES
(1, 'admin'),
(2, 'operator'),
(3, 'peminjam');

-- --------------------------------------------------------

--
-- Table structure for table `pegawai`
--

CREATE TABLE `pegawai` (
  `id_pegawai` int(11) NOT NULL,
  `nama_pegawai` varchar(50) NOT NULL,
  `nip` int(20) NOT NULL,
  `alamat` text NOT NULL
) ENGINE=InnoDB DEFAULT CHARSET=utf8mb4 COLLATE=utf8mb4_general_ci;

--
-- Dumping data for table `pegawai`
--

INSERT INTO `pegawai` (`id_pegawai`, `nama_pegawai`, `nip`, `alamat`) VALUES
(1, 'Ferdi', 5, 'Ponorogo ');

-- --------------------------------------------------------

--
-- Table structure for table `peminjaman`
--

CREATE TABLE `peminjaman` (
  `id_peminjaman` varchar(11) NOT NULL,
  `tanggal_pinjam` date NOT NULL,
  `tanggal_kembali` date NOT NULL,
  `status_peminjaman` enum('0','1','2') NOT NULL,
  `id_pegawai` int(11) NOT NULL
) ENGINE=InnoDB DEFAULT CHARSET=utf8mb4 COLLATE=utf8mb4_general_ci;

--
-- Dumping data for table `peminjaman`
--

INSERT INTO `peminjaman` (`id_peminjaman`, `tanggal_pinjam`, `tanggal_kembali`, `status_peminjaman`, `id_pegawai`) VALUES
('1', '0000-00-00', '0000-00-00', '0', 1),
('5', '0000-00-00', '0000-00-00', '0', 1),
('6', '0000-00-00', '0000-00-00', '0', 1),
('7', '0000-00-00', '0000-00-00', '0', 1),
('PMJ001', '0000-00-00', '0000-00-00', '0', 1),
('PMJ002', '0000-00-00', '0000-00-00', '0', 1);

-- --------------------------------------------------------

--
-- Table structure for table `petugas`
--

CREATE TABLE `petugas` (
  `id_petugas` int(11) NOT NULL,
  `username` varchar(50) NOT NULL,
  `password` varchar(50) NOT NULL,
  `nama_petugas` varchar(50) NOT NULL,
  `id_level` int(11) NOT NULL
) ENGINE=InnoDB DEFAULT CHARSET=utf8mb4 COLLATE=utf8mb4_general_ci;

--
-- Dumping data for table `petugas`
--

INSERT INTO `petugas` (`id_petugas`, `username`, `password`, `nama_petugas`, `id_level`) VALUES
(2, 'admin', 'admin', 'ADMIN', 1),
(3, 'operator', 'operator', 'OPERATOR', 2),
(4, 'peminjam', 'peminjam', 'PEMINJAM', 3);

-- --------------------------------------------------------

--
-- Table structure for table `ruang`
--

CREATE TABLE `ruang` (
  `id_ruang` int(11) NOT NULL,
  `nama_ruang` varchar(50) NOT NULL,
  `kode_ruang` varchar(50) NOT NULL,
  `keterangan` text NOT NULL
) ENGINE=InnoDB DEFAULT CHARSET=utf8mb4 COLLATE=utf8mb4_general_ci;

--
-- Dumping data for table `ruang`
--

INSERT INTO `ruang` (`id_ruang`, `nama_ruang`, `kode_ruang`, `keterangan`) VALUES
(1, 'LAB RPL', 'LAB001', 'Lab Jurusan RPL'),
(2, 'LAB AKL', 'LAB002', 'Lab Jurusan AKL');

--
-- Indexes for dumped tables
--

--
-- Indexes for table `detail_pinjam`
--
ALTER TABLE `detail_pinjam`
  ADD PRIMARY KEY (`id_detail_pinjam`),
  ADD KEY `id_inventaris` (`id_inventaris`),
  ADD KEY `detail_pinjam_ibfk_2` (`id_peminjaman`);

--
-- Indexes for table `inventaris`
--
ALTER TABLE `inventaris`
  ADD PRIMARY KEY (`id_inventaris`),
  ADD KEY `id_jenis` (`id_jenis`),
  ADD KEY `id_ruang` (`id_ruang`),
  ADD KEY `id_petugas` (`id_petugas`);

--
-- Indexes for table `jenis`
--
ALTER TABLE `jenis`
  ADD PRIMARY KEY (`id_jenis`);

--
-- Indexes for table `level`
--
ALTER TABLE `level`
  ADD PRIMARY KEY (`id_level`);

--
-- Indexes for table `pegawai`
--
ALTER TABLE `pegawai`
  ADD PRIMARY KEY (`id_pegawai`);

--
-- Indexes for table `peminjaman`
--
ALTER TABLE `peminjaman`
  ADD PRIMARY KEY (`id_peminjaman`),
  ADD KEY `id_pegawai` (`id_pegawai`);

--
-- Indexes for table `petugas`
--
ALTER TABLE `petugas`
  ADD PRIMARY KEY (`id_petugas`),
  ADD KEY `petugas_ibfk_1` (`id_level`);

--
-- Indexes for table `ruang`
--
ALTER TABLE `ruang`
  ADD PRIMARY KEY (`id_ruang`);

--
-- AUTO_INCREMENT for dumped tables
--

--
-- AUTO_INCREMENT for table `detail_pinjam`
--
ALTER TABLE `detail_pinjam`
  MODIFY `id_detail_pinjam` int(11) NOT NULL AUTO_INCREMENT, AUTO_INCREMENT=7;

--
-- AUTO_INCREMENT for table `inventaris`
--
ALTER TABLE `inventaris`
  MODIFY `id_inventaris` int(11) NOT NULL AUTO_INCREMENT, AUTO_INCREMENT=12;

--
-- AUTO_INCREMENT for table `jenis`
--
ALTER TABLE `jenis`
  MODIFY `id_jenis` int(11) NOT NULL AUTO_INCREMENT, AUTO_INCREMENT=3;

--
-- AUTO_INCREMENT for table `level`
--
ALTER TABLE `level`
  MODIFY `id_level` int(11) NOT NULL AUTO_INCREMENT, AUTO_INCREMENT=5;

--
-- AUTO_INCREMENT for table `pegawai`
--
ALTER TABLE `pegawai`
  MODIFY `id_pegawai` int(11) NOT NULL AUTO_INCREMENT, AUTO_INCREMENT=2;

--
-- AUTO_INCREMENT for table `petugas`
--
ALTER TABLE `petugas`
  MODIFY `id_petugas` int(11) NOT NULL AUTO_INCREMENT, AUTO_INCREMENT=6;

--
-- AUTO_INCREMENT for table `ruang`
--
ALTER TABLE `ruang`
  MODIFY `id_ruang` int(11) NOT NULL AUTO_INCREMENT, AUTO_INCREMENT=3;

--
-- Constraints for dumped tables
--

--
-- Constraints for table `detail_pinjam`
--
ALTER TABLE `detail_pinjam`
  ADD CONSTRAINT `detail_pinjam_ibfk_1` FOREIGN KEY (`id_inventaris`) REFERENCES `inventaris` (`id_inventaris`) ON DELETE CASCADE ON UPDATE CASCADE;

--
-- Constraints for table `inventaris`
--
ALTER TABLE `inventaris`
  ADD CONSTRAINT `inventaris_ibfk_1` FOREIGN KEY (`id_jenis`) REFERENCES `jenis` (`id_jenis`) ON DELETE CASCADE ON UPDATE CASCADE,
  ADD CONSTRAINT `inventaris_ibfk_2` FOREIGN KEY (`id_ruang`) REFERENCES `ruang` (`id_ruang`) ON DELETE CASCADE ON UPDATE CASCADE,
  ADD CONSTRAINT `inventaris_ibfk_3` FOREIGN KEY (`id_petugas`) REFERENCES `petugas` (`id_petugas`) ON DELETE CASCADE ON UPDATE CASCADE;

--
-- Constraints for table `peminjaman`
--
ALTER TABLE `peminjaman`
  ADD CONSTRAINT `peminjaman_ibfk_1` FOREIGN KEY (`id_pegawai`) REFERENCES `pegawai` (`id_pegawai`) ON DELETE CASCADE ON UPDATE CASCADE;

--
-- Constraints for table `petugas`
--
ALTER TABLE `petugas`
  ADD CONSTRAINT `petugas_ibfk_1` FOREIGN KEY (`id_level`) REFERENCES `level` (`id_level`) ON DELETE CASCADE ON UPDATE CASCADE;
COMMIT;

/*!40101 SET CHARACTER_SET_CLIENT=@OLD_CHARACTER_SET_CLIENT */;
/*!40101 SET CHARACTER_SET_RESULTS=@OLD_CHARACTER_SET_RESULTS */;
/*!40101 SET COLLATION_CONNECTION=@OLD_COLLATION_CONNECTION */;
